{
  "project_info": {
    "project_number": "305242727594",
    "firebase_url": "https://my-application-134de.firebaseio.com",
    "project_id": "my-application-134de",
    "storage_bucket": "my-application-134de.appspot.com"
  },
  "client": [
    {
      "client_info": {
        "mobilesdk_app_id": "1:305242727594:android:228e57c2f684d31fc6dcd3",
        "android_client_info": {
          "package_name": "com.example.myapplication"
        }
      },
      "oauth_client": [
        {
          "client_id": "305242727594-u85k9hmll6qhf1437ch5f237a7f0rr3r.apps.googleusercontent.com",
          "client_type": 1,
          "android_info": {
            "package_name": "com.example.myapplication",
            "certificate_hash": "f32f59e091e987c408f227b81e376bcdd51bc028"
          }
        },
        {
          "client_id": "305242727594-heqgrfs3c8hjk0fnhkv2eig6u6rsroeb.apps.googleusercontent.com",
          "client_type": 3
        }
      ],
      "api_key": [
        {
          "current_key": "AIzaSyAISgVwmuOJIyo_gk0S_oTGslPSY1gBBvo"
        }
      ],
      "services": {
        "appinvite_service": {
          "other_platform_oauth_client": [
            {
              "client_id": "305242727594-heqgrfs3c8hjk0fnhkv2eig6u6rsroeb.apps.googleusercontent.com",
              "client_type": 3
            }
          ]
        }
      }
    }
  ],
  "configuration_version": "1"
}